id,predicted_runs
0,47.72468185424805
1,49.38043212890625
