id,predicted_runs
0,64.38785171508789
1,64.29013061523438
