id,predicted_runs
0,44.38785
1,44.29013